Date,Item,Item desc.,Quantity,Ext. quantity, Price , Purchase amount , Amount ,PO number,Entered date,[ItemInventoryCode],NA Item #,Item Desc.,IBPI Price,Unit Difference,Total Difference,Total Savings 
4/4/2024,B5L2967903,HP B5L29-67903 500GB Secure Hard Disk Drive (HDD) LaserJet Enterprise (LJ Ent) M506,1,1, $ 125.00 , $ 125.00 , $ 125.00 ,8660-0,4/4/2024,Parts,00037004,512GB SSD,$89.00,,,
9/13/2023,B5L2967903,HP B5L29-67903 500GB Secure Hard Disk Drive (HDD) LaserJet Enterprise (LJ Ent) M506,1,1, $ 125.00 , $ 125.00 , $ 125.00 ,5307-0,9/13/2023,Parts,00037004,512GB SSD,$89.00,,,
11/22/2023,B5L29A,HP 500GB Internal Hard Disk Drive,1,1, $ 417.64 , $ 417.64 , $ 417.64 ,6399-0,11/22/2023,Parts,00037004,512GB SSD,$89.00,,,
4/8/2024,NROLR2120FCZZ,ROLLER,2,2, $ 8.51 , $ 17.02 , $ 17.02 ,8695-0,4/8/2024,Parts,04012020,Separation Roller,$4.75,$3.76 ,$7.52 ,
3/27/2024,AR620RT,Paper Feed Roller Kit,2,2, $ 35.25 , $ 70.50 , $ 70.50 ,8532-0,3/27/2024,Parts,04036046,Tire Kit,$15.15,,,
4/17/2023,AR620RT,Paper Feed Roller Kit,2,2, $ 35.25 , $ 70.50 , $ 70.50 ,3176-0,4/17/2023,Parts,04036046,Tire Kit,$15.15,,,
5/15/2023,AR620RT,Paper Feed Roller Kit,2,2, $ 35.25 , $ 70.50 , $ 70.50 ,3472-0,5/15/2023,Parts,04036046,Tire Kit,$15.15,,,
1/29/2024,AR620RT,Paper Feed Roller Kit,2,2, $ 35.25 , $ 70.50 , $ 70.50 ,7371-0,1/29/2024,Parts,04036046,Tire Kit,$15.15,,,
1/29/2024,AR620RT,Paper Feed Roller Kit,1,1, $ 35.25 , $ 35.25 , $ 35.25 ,7392-0,1/29/2024,Parts,04036046,Tire Kit,$15.15,,,
6/16/2023,6LJ70598000,ODFC50,5,5, $ 34.29 , $ 171.45 , $ 171.45 ,3925-0,6/16/2023,Parts,05010031,Organic Drum,$18.95,$15.34 ,$76.70 ,
2/21/2024,CP0386B003AA,"Canon imageRUNNER 1025iF Compatible Black Toner Cartridge GPR-22 8,400 yield",1,1, $ 15.40 , $ 15.40 , $ 15.40 ,7887-0,2/21/2024,Supplies,01071038,GPR-22 Toner,$17.53,,,
6/23/2023,NBRGY0957FCZZ,BEARING MX5111N,2,2, $ 16.97 , $ 33.94 , $ 33.94 ,4016-0,6/23/2023,Parts,04001011,Lower Fuser Bearing,$12.68,$4.29 ,$8.58 ,
7/24/2023,NBRGY0957FCZZ,BEARING MX5111N,2,2, $ 16.97 , $ 33.94 , $ 33.94 ,4374-0,7/24/2023,Parts,04001011,Lower Fuser Bearing,$12.68,$4.29 ,$8.58 ,$17.16 
4/11/2024,NROLR1466FCZ1,PF separate roller and feed,12,12, $ 9.76 , $ 117.12 , $ 117.12 ,8792-0,4/11/2024,Parts,04012014,Separation Roller,$4.70,$5.06 ,$60.72 ,
6/6/2023,NROLR1466FCZ1,PF separate roller and feed,8,8, $ 9.76 , $ 78.08 , $ 78.08 ,3688-0,6/6/2023,Parts,04012014,Separation Roller,$4.70,$5.06 ,$40.48 ,
8/25/2023,NROLR1466FCZ1,PF separate roller and feed,7,7, $ 9.76 , $ 68.32 , $ 68.32 ,4949-0,8/25/2023,Parts,04012014,Separation Roller,$4.70,$5.06 ,$35.42 ,
11/16/2023,NROLR1466FCZ1,PF separate roller and feed,7,7, $ 9.76 , $ 68.32 , $ 68.32 ,6193-0,11/16/2023,Parts,04012014,Separation Roller,$4.70,$5.06 ,$35.42 ,
12/26/2023,NROLR1466FCZ1,PF separate roller and feed,8,8, $ 9.76 , $ 78.08 , $ 78.08 ,6762-0,12/26/2023,Parts,04012014,Separation Roller,$4.70,$5.06 ,$40.48 ,$212.52 
4/17/2023,NROLR1682FCZZ,Paper Feed Sep Roller,8,8, $ 35.50 , $ 284.00 , $ 284.00 ,3154-0,4/17/2023,Parts,04012016,Feed/Separation Roller,$6.60,$28.90 ,$231.12 ,
4/21/2023,NROLR1682FCZZ,Paper Feed Sep Roller,2,2, $ 35.50 , $ 71.00 , $ 71.00 ,3176-0,4/21/2023,Parts,04012016,Feed/Separation Roller,$6.60,$28.90 ,$57.80 ,
6/30/2023,NROLR1682FCZZ,Paper Feed Sep Roller,5,5, $ 35.50 , $ 177.50 , $ 177.50 ,4093-0,6/30/2023,Parts,04012016,Feed/Separation Roller,$6.60,$28.90 ,$144.50 ,
7/5/2023,NROLR1682FCZZ,Paper Feed Sep Roller,3,3, $ 35.50 , $ 106.50 , $ 106.50 ,4145-0,7/5/2023,Parts,04012016,Feed/Separation Roller,$6.60,$28.90 ,$86.70 ,
10/30/2023,NROLR1682FCZZ,Paper Feed Sep Roller,5,5, $ 35.50 , $ 177.50 , $ 177.50 ,5967-0,10/30/2023,Parts,04012016,Feed/Separation Roller,$6.60,$28.90 ,$144.50 ,$664.62 
6/6/2023,NROLR1467FCZ2,Pickup Roller,5,5, $ 9.76 , $ 48.80 , $ 48.80 ,3688-0,6/6/2023,Parts,04012017,Urethane Pick-up Roller,$6.60,$3.16 ,$15.80 ,
7/5/2023,NROLR1467FCZ2,Pickup Roller,6,6, $ 9.76 , $ 58.56 , $ 58.56 ,4145-0,7/5/2023,Parts,04012017,Urethane Pick-up Roller,$6.60,$3.16 ,$18.96 ,
9/29/2023,NROLR1467FCZ2,Pickup Roller,5,5, $ 9.76 , $ 48.80 , $ 48.80 ,5540-0,9/29/2023,Parts,04012017,Urethane Pick-up Roller,$6.60,$3.16 ,$15.80 ,
12/18/2023,NROLR1467FCZ2,Pickup Roller,5,5, $ 9.76 , $ 48.80 , $ 48.80 ,6723-0,12/18/2023,Parts,04012017,Urethane Pick-up Roller,$6.60,$3.16 ,$15.80 ,
12/26/2023,NROLR1467FCZ2,Pickup Roller,1,1, $ 9.76 , $ 9.76 , $ 9.76 ,6762-0,12/26/2023,Parts,04012017,Urethane Pick-up Roller,$6.60,$3.16 ,$3.16 ,
2/5/2024,NROLR1467FCZ2,Pickup Roller,5,5, $ 9.76 , $ 48.80 , $ 48.80 ,7463-0,2/5/2024,Parts,04012017,Urethane Pick-up Roller,$6.60,$3.16 ,$15.80 ,$85.32 
3/15/2024,NROLR2120FCZZ,ROLLER,4,4, $ 8.51 , $ 34.04 , $ 34.04 ,8291-0,3/15/2024,Parts,04012020,Separation Roller,$4.75,$3.76 ,$15.04 ,
3/26/2024,NROLR2120FCZZ,ROLLER,5,5, $ 8.51 , $ 42.55 , $ 42.55 ,8461-0,3/26/2024,Parts,04012020,Separation Roller,$4.75,$3.76 ,$18.80 ,
4/4/2024,NROLR2120FCZZ,ROLLER,4,4, $ 8.51 , $ 34.04 , $ 34.04 ,8637-0,4/4/2024,Parts,04012020,Separation Roller,$4.75,$3.76 ,$15.04 ,
5/1/2023,NROLR2120FCZZ,ROLLER,5,5, $ 8.51 , $ 42.55 , $ 42.55 ,3311-0,5/1/2023,Parts,04012020,Separation Roller,$4.75,$3.76 ,$18.80 ,
6/23/2023,NROLR2120FCZZ,ROLLER,4,4, $ 8.51 , $ 34.04 , $ 34.04 ,3995-0,6/23/2023,Parts,04012020,Separation Roller,$4.75,$3.76 ,$15.04 ,
7/25/2023,NROLR2120FCZZ,ROLLER,4,4, $ 8.51 , $ 34.04 , $ 34.04 ,4437-0,7/25/2023,Parts,04012020,Separation Roller,$4.75,$3.76 ,$15.04 ,
8/24/2023,NROLR2120FCZZ,ROLLER,6,6, $ 8.51 , $ 51.06 , $ 51.06 ,4901-0,8/24/2023,Parts,04012020,Separation Roller,$4.75,$3.76 ,$22.56 ,
10/12/2023,NROLR2120FCZZ,ROLLER,7,7, $ 8.51 , $ 59.57 , $ 59.57 ,5738-0,10/12/2023,Parts,04012020,Separation Roller,$4.75,$3.76 ,$26.32 ,
11/14/2023,NROLR2120FCZZ,ROLLER,4,4, $ 8.51 , $ 34.04 , $ 34.04 ,6224-0,11/14/2023,Parts,04012020,Separation Roller,$4.75,$3.76 ,$15.04 ,
11/15/2023,NROLR2120FCZZ,ROLLER,1,1, $ 8.51 , $ 8.51 , $ 8.51 ,6258-0,11/15/2023,Parts,04012020,Separation Roller,$4.75,$3.76 ,$3.76 ,
11/27/2023,NROLR2120FCZZ,ROLLER,4,4, $ 8.51 , $ 34.04 , $ 34.04 ,6443-0,11/27/2023,Parts,04012020,Separation Roller,$4.75,$3.76 ,$15.04 ,
12/15/2023,NROLR2120FCZZ,ROLLER,4,4, $ 8.51 , $ 34.04 , $ 34.04 ,6676-0,12/15/2023,Parts,04012020,Separation Roller,$4.75,$3.76 ,$15.04 ,
2/8/2024,NROLR2120FCZZ,ROLLER,4,4, $ 8.51 , $ 34.04 , $ 34.04 ,7545-0,2/8/2024,Parts,04012020,Separation Roller,$4.75,$3.76 ,$15.04 ,
2/20/2024,NROLR2120FCZZ,ROLLER,4,4, $ 8.51 , $ 34.04 , $ 34.04 ,7809-0,2/20/2024,Parts,04012020,Separation Roller,$4.75,$3.76 ,$15.04 ,$233.12 
3/12/2024,NROLR2125FCZZ,ROLLER,4,4, $ 9.76 , $ 39.04 , $ 39.04 ,8201-0,3/12/2024,Parts,04012021,Pickup Roller,$5.13,$4.63 ,$18.52 ,
3/15/2024,NROLR2125FCZZ,ROLLER,1,1, $ 9.76 , $ 9.76 , $ 9.76 ,8291-0,3/15/2024,Parts,04012021,Pickup Roller,$5.13,$4.63 ,$4.63 ,
3/22/2024,NROLR2125FCZZ,ROLLER,4,4, $ 9.76 , $ 39.04 , $ 39.04 ,8426-0,3/22/2024,Parts,04012021,Pickup Roller,$5.13,$4.63 ,$18.52 ,
3/26/2024,NROLR2125FCZZ,ROLLER,1,1, $ 9.76 , $ 9.76 , $ 9.76 ,8461-0,3/26/2024,Parts,04012021,Pickup Roller,$5.13,$4.63 ,$4.63 ,
4/2/2024,NROLR2125FCZZ,ROLLER,4,4, $ 9.76 , $ 39.04 , $ 39.04 ,8586-0,4/2/2024,Parts,04012021,Pickup Roller,$5.13,$4.63 ,$18.52 ,
4/8/2024,NROLR2125FCZZ,ROLLER,1,1, $ 9.76 , $ 9.76 , $ 9.76 ,8651-0,4/8/2024,Parts,04012021,Pickup Roller,$5.13,$4.63 ,$4.63 ,
4/24/2023,NROLR2125FCZZ,ROLLER,5,5, $ 9.76 , $ 48.80 , $ 48.80 ,3223-0,4/24/2023,Parts,04012021,Pickup Roller,$5.13,$4.63 ,$23.15 ,
6/6/2023,NROLR2125FCZZ,ROLLER,4,4, $ 9.76 , $ 39.04 , $ 39.04 ,3705-0,6/6/2023,Parts,04012021,Pickup Roller,$5.13,$4.63 ,$18.52 ,
7/26/2023,NROLR2125FCZZ,ROLLER,4,4, $ 9.76 , $ 39.04 , $ 39.04 ,4426-0,7/26/2023,Parts,04012021,Pickup Roller,$5.13,$4.63 ,$18.52 ,
8/24/2023,NROLR2125FCZZ,ROLLER,6,6, $ 9.76 , $ 58.56 , $ 58.56 ,4901-0,8/24/2023,Parts,04012021,Pickup Roller,$5.13,$4.63 ,$27.78 ,
8/28/2023,NROLR2125FCZZ,ROLLER,1,1, $ 9.76 , $ 9.76 , $ 9.76 ,4974-0,8/28/2023,Parts,04012021,Pickup Roller,$5.13,$4.63 ,$4.63 ,
10/12/2023,NROLR2125FCZZ,ROLLER,7,7, $ 9.76 , $ 68.32 , $ 68.32 ,5738-0,10/12/2023,Parts,04012021,Pickup Roller,$5.13,$4.63 ,$32.41 ,
11/2/2023,NROLR2125FCZZ,ROLLER,4,4, $ 9.76 , $ 39.04 , $ 39.04 ,6034-0,11/2/2023,Parts,04012021,Pickup Roller,$5.13,$4.63 ,$18.52 ,
11/21/2023,NROLR2125FCZZ,ROLLER,4,4, $ 9.76 , $ 39.04 , $ 39.04 ,6343-0,11/21/2023,Parts,04012021,Pickup Roller,$5.13,$4.63 ,$18.52 ,
11/27/2023,NROLR2125FCZZ,ROLLER,1,1, $ 9.76 , $ 9.76 , $ 9.76 ,6443-0,11/27/2023,Parts,04012021,Pickup Roller,$5.13,$4.63 ,$4.63 ,
12/8/2023,NROLR2125FCZZ,ROLLER,4,4, $ 9.76 , $ 39.04 , $ 39.04 ,6542-0,12/8/2023,Parts,04012021,Pickup Roller,$5.13,$4.63 ,$18.52 ,
12/11/2023,NROLR2125FCZZ,ROLLER,1,1, $ 9.76 , $ 9.76 , $ 9.76 ,6608-0,12/11/2023,Parts,04012021,Pickup Roller,$5.13,$4.63 ,$4.63 ,
1/3/2024,NROLR2125FCZZ,ROLLER,4,4, $ 9.76 , $ 39.04 , $ 39.04 ,6880-0,1/3/2024,Parts,04012021,Pickup Roller,$5.13,$4.63 ,$18.52 ,
1/23/2024,NROLR2125FCZZ,ROLLER,5,5, $ 9.76 , $ 48.80 , $ 48.80 ,7174-0,1/23/2024,Parts,04012021,Pickup Roller,$5.13,$4.63 ,$23.15 ,
1/25/2024,NROLR2125FCZZ,ROLLER,1,1, $ 9.76 , $ 9.76 , $ 9.76 ,7240-0,1/25/2024,Parts,04012021,Pickup Roller,$5.13,$4.63 ,$4.63 ,
2/8/2024,NROLR2125FCZZ,ROLLER,6,6, $ 9.76 , $ 58.56 , $ 58.56 ,7545-0,2/8/2024,Parts,04012021,Pickup Roller,$5.13,$4.63 ,$27.78 ,
2/12/2024,NROLR2125FCZZ,ROLLER,2,2, $ 9.76 , $ 19.52 , $ 19.52 ,7613-0,2/12/2024,Parts,04012021,Pickup Roller,$5.13,$4.63 ,$9.26 ,$342.62 
3/12/2024,NROLR2126FCZZ,Paper feed roller,4,4, $ 8.51 , $ 34.04 , $ 34.04 ,8201-0,3/12/2024,Parts,04012022,Feed Roller,$4.75,$3.76 ,$15.04 ,
3/15/2024,NROLR2126FCZZ,Paper feed roller,1,1, $ 8.51 , $ 8.51 , $ 8.51 ,8291-0,3/15/2024,Parts,04012022,Feed Roller,$4.75,$3.76 ,$3.76 ,
3/22/2024,NROLR2126FCZZ,Paper feed roller,4,4, $ 8.51 , $ 34.04 , $ 34.04 ,8426-0,3/22/2024,Parts,04012022,Feed Roller,$4.75,$3.76 ,$15.04 ,
3/26/2024,NROLR2126FCZZ,Paper feed roller,1,1, $ 8.51 , $ 8.51 , $ 8.51 ,8461-0,3/26/2024,Parts,04012022,Feed Roller,$4.75,$3.76 ,$3.76 ,
4/2/2024,NROLR2126FCZZ,Paper feed roller,4,4, $ 8.51 , $ 34.04 , $ 34.04 ,8586-0,4/2/2024,Parts,04012022,Feed Roller,$4.75,$3.76 ,$15.04 ,
4/8/2024,NROLR2126FCZZ,Paper feed roller,2,2, $ 8.51 , $ 17.02 , $ 17.02 ,8651-0,4/8/2024,Parts,04012022,Feed Roller,$4.75,$3.76 ,$7.52 ,
5/9/2023,NROLR2126FCZZ,Paper feed roller,4,4, $ 8.51 , $ 34.04 , $ 34.04 ,3406-0,5/9/2023,Parts,04012022,Feed Roller,$4.75,$3.76 ,$15.04 ,
7/19/2023,NROLR2126FCZZ,Paper feed roller,4,4, $ 8.51 , $ 34.04 , $ 34.04 ,4348-0,7/19/2023,Parts,04012022,Feed Roller,$4.75,$3.76 ,$15.04 ,
8/18/2023,NROLR2126FCZZ,Paper feed roller,4,4, $ 8.51 , $ 34.04 , $ 34.04 ,4835-0,8/18/2023,Parts,04012022,Feed Roller,$4.75,$3.76 ,$15.04 ,
8/24/2023,NROLR2126FCZZ,Paper feed roller,2,2, $ 8.51 , $ 17.02 , $ 17.02 ,4901-0,8/24/2023,Parts,04012022,Feed Roller,$4.75,$3.76 ,$7.52 ,
10/3/2023,NROLR2126FCZZ,Paper feed roller,5,5, $ 8.51 , $ 42.55 , $ 42.55 ,5498-0,10/3/2023,Parts,04012022,Feed Roller,$4.75,$3.76 ,$18.80 ,
10/12/2023,NROLR2126FCZZ,Paper feed roller,5,5, $ 8.51 , $ 42.55 , $ 42.55 ,5738-0,10/12/2023,Parts,04012022,Feed Roller,$4.75,$3.76 ,$18.80 ,
11/15/2023,NROLR2126FCZZ,Paper feed roller,5,5, $ 8.51 , $ 42.55 , $ 42.55 ,6258-0,11/15/2023,Parts,04012022,Feed Roller,$4.75,$3.76 ,$18.80 ,
11/28/2023,NROLR2126FCZZ,Paper feed roller,4,4, $ 8.51 , $ 34.04 , $ 34.04 ,6479-0,11/28/2023,Parts,04012022,Feed Roller,$4.75,$3.76 ,$15.04 ,
1/3/2024,NROLR2126FCZZ,Paper feed roller,4,4, $ 8.51 , $ 34.04 , $ 34.04 ,6880-0,1/3/2024,Parts,04012022,Feed Roller,$4.75,$3.76 ,$15.04 ,
1/23/2024,NROLR2126FCZZ,Paper feed roller,5,5, $ 8.51 , $ 42.55 , $ 42.55 ,7174-0,1/23/2024,Parts,04012022,Feed Roller,$4.75,$3.76 ,$18.80 ,
1/25/2024,NROLR2126FCZZ,Paper feed roller,1,1, $ 8.51 , $ 8.51 , $ 8.51 ,7240-0,1/25/2024,Parts,04012022,Feed Roller,$4.75,$3.76 ,$3.76 ,
2/26/2024,NROLR2126FCZZ,Paper feed roller,4,4, $ 8.51 , $ 34.04 , $ 34.04 ,7893-0,2/26/2024,Parts,04012022,Feed Roller,$4.75,$3.76 ,$15.04 ,$236.88 
3/18/2024,NROLR1466FCZ2,PAPSER FEED SEPARATE ROLLER,9,9, $ 9.76 , $ 87.84 , $ 87.84 ,8363-0,3/18/2024,Parts,04012023,ADF Feed/Separation Roller,$4.70,$5.06 ,$45.54 ,
7/18/2023,NROLR1466FCZ2,PAPSER FEED SEPARATE ROLLER,9,9, $ 9.76 , $ 87.84 , $ 87.84 ,4227-0,7/18/2023,Parts,04012023,ADF Feed/Separation Roller,$4.70,$5.06 ,$45.54 ,
8/29/2023,NROLR1466FCZ2,PAPSER FEED SEPARATE ROLLER,8,8, $ 9.76 , $ 78.08 , $ 78.08 ,4994-0,8/29/2023,Parts,04012023,ADF Feed/Separation Roller,$4.70,$5.06 ,$40.48 ,
12/11/2023,NROLR1466FCZ2,PAPSER FEED SEPARATE ROLLER,9,9, $ 9.76 , $ 87.84 , $ 87.84 ,6608-0,12/11/2023,Parts,04012023,ADF Feed/Separation Roller,$4.70,$5.06 ,$45.54 ,$177.10 
5/19/2023,BPHB701,TONER COLLECTION CONTAINER,5,5, $ 23.50 , $ 117.50 , $ 117.50 ,3556-0,5/19/2023,Supplies,04055006,Waste Toner Bottle,$15.15,,,
7/31/2023,BPHB701,TONER COLLECTION CONTAINER,4,4, $ 23.50 , $ 94.00 , $ 94.00 ,4519-0,7/31/2023,Supplies,04055006,Waste Toner Bottle,$15.15,,,
11/2/2023,BPHB701,TONER COLLECTION CONTAINER,10,10, $ 23.50 , $ 235.00 , $ 235.00 ,5967-0,11/2/2023,Supplies,04055006,Waste Toner Bottle,$15.15,,,
1/8/2024,BPHB701,TONER COLLECTION CONTAINER,10,10, $ 23.50 , $ 235.00 , $ 235.00 ,7013-0,1/8/2024,Supplies,04055006,Waste Toner Bottle,$15.15,,,
3/7/2024,BPHB700,Sharp BP-HB700 - Waste toner collector,20,20, $ 25.00 , $ 500.00 , $ 500.00 ,8149-0,3/7/2024,Supplies,04055011,Waste Toner Bottle,$18.76,,,
4/2/2024,BPHB700,Sharp BP-HB700 - Waste toner collector,13,13, $ 25.00 , $ 325.00 , $ 325.00 ,8637-0,4/2/2024,Supplies,04055011,Waste Toner Bottle,$18.76,,,
4/5/2024,BPHB700,Sharp BP-HB700 - Waste toner collector,15,15, $ 25.00 , $ 375.00 , $ 375.00 ,8695-0,4/5/2024,Supplies,04055011,Waste Toner Bottle,$18.76,,,
6/2/2023,BPHB700,Sharp BP-HB700 - Waste toner collector,7,7, $ 25.00 , $ 175.00 , $ 175.00 ,3426-0,6/2/2023,Supplies,04055011,Waste Toner Bottle,$18.76,,,
6/5/2023,BPHB700,Sharp BP-HB700 - Waste toner collector,15,15, $ 25.00 , $ 375.00 , $ 375.00 ,3556-1,6/5/2023,Supplies,04055011,Waste Toner Bottle,$18.76,,,
7/5/2023,BPHB700,Sharp BP-HB700 - Waste toner collector,2,2, $ 25.00 , $ 50.00 , $ 50.00 ,3802-0,7/5/2023,Supplies,04055011,Waste Toner Bottle,$18.76,,,
7/6/2023,BPHB700,Sharp BP-HB700 - Waste toner collector,18,18, $ 25.00 , $ 450.00 , $ 450.00 ,3802-0,7/6/2023,Supplies,04055011,Waste Toner Bottle,$18.76,,,
10/4/2023,BPHB700,Sharp BP-HB700 - Waste toner collector,5,5, $ 25.00 , $ 125.00 , $ 125.00 ,4459-1,10/4/2023,Supplies,04055011,Waste Toner Bottle,$18.76,,,
10/13/2023,BPHB700,Sharp BP-HB700 - Waste toner collector,15,15, $ 25.00 , $ 375.00 , $ 375.00 ,4459-1,10/13/2023,Supplies,04055011,Waste Toner Bottle,$18.76,,,
11/3/2023,BPHB700,Sharp BP-HB700 - Waste toner collector,3,3, $ 24.25 , $ 72.75 , $ 72.75 ,6101-0,11/3/2023,Supplies,04055011,Waste Toner Bottle,$18.76,,,
11/6/2023,BPHB700,Sharp BP-HB700 - Waste toner collector,10,10, $ 25.00 , $ 250.00 , $ 250.00 ,5091-0,11/6/2023,Supplies,04055011,Waste Toner Bottle,$18.76,,,
11/7/2023,BPHB700,Sharp BP-HB700 - Waste toner collector,10,10, $ 25.00 , $ 250.00 , $ 250.00 ,5091-0,11/7/2023,Supplies,04055011,Waste Toner Bottle,$18.76,,,
11/10/2023,BPHB700,Sharp BP-HB700 - Waste toner collector,30,30, $ 24.97 , $ 749.10 , $ 749.10 ,6203-0,11/10/2023,Supplies,04055011,Waste Toner Bottle,$18.76,,,
11/14/2023,BPHB700,Sharp BP-HB700 - Waste toner collector,2,2, $ 26.67 , $ 53.34 , $ 53.34 ,6304-0,11/14/2023,Supplies,04055011,Waste Toner Bottle,$18.76,,,
11/15/2023,BPHB700,Sharp BP-HB700 - Waste toner collector,5,5, $ 25.00 , $ 125.00 , $ 125.00 ,5416-0,11/15/2023,Supplies,04055011,Waste Toner Bottle,$18.76,,,
11/16/2023,BPHB700,Sharp BP-HB700 - Waste toner collector,2,2, $ 26.67 , $ 53.34 , $ 53.34 ,6346-0,11/16/2023,Supplies,04055011,Waste Toner Bottle,$18.76,,,
11/16/2023,BPHB700,Sharp BP-HB700 - Waste toner collector,1,1, $ 26.67 , $ 26.67 , $ 26.67 ,6353-0,11/16/2023,Supplies,04055011,Waste Toner Bottle,$18.76,,,
11/17/2023,BPHB700,Sharp BP-HB700 - Waste toner collector,1,1, $ 26.67 , $ 26.67 , $ 26.67 ,6392-0,11/17/2023,Supplies,04055011,Waste Toner Bottle,$18.76,,,
11/20/2023,BPHB700,Sharp BP-HB700 - Waste toner collector,10,10, $ 25.00 , $ 250.00 , $ 250.00 ,5416-0,11/20/2023,Supplies,04055011,Waste Toner Bottle,$18.76,,,
11/20/2023,BPHB700,Sharp BP-HB700 - Waste toner collector,1,1, $ 26.67 , $ 26.67 , $ 26.67 ,6410-0,11/20/2023,Supplies,04055011,Waste Toner Bottle,$18.76,,,
12/18/2023,BPHB700,Sharp BP-HB700 - Waste toner collector,5,5, $ 25.00 , $ 125.00 , $ 125.00 ,5416-0,12/18/2023,Supplies,04055011,Waste Toner Bottle,$18.76,,,
1/16/2024,BPHB700,Sharp BP-HB700 - Waste toner collector,20,20, $ 25.00 , $ 500.00 , $ 500.00 ,7096-0,1/16/2024,Supplies,04055011,Waste Toner Bottle,$18.76,,,
2/7/2024,BPHB700,Sharp BP-HB700 - Waste toner collector,20,20, $ 25.00 , $ 500.00 , $ 500.00 ,7545-0,2/7/2024,Supplies,04055011,Waste Toner Bottle,$18.76,,,
2/19/2024,BPHB700,Sharp BP-HB700 - Waste toner collector,12,12, $ 25.00 , $ 300.00 , $ 300.00 ,7832-0,2/19/2024,Supplies,04055011,Waste Toner Bottle,$18.76,,,
4/18/2023,6LA23006000,OD6510,1,1, $ 127.03 , $ 127.03 , $ 127.03 ,3195-0,4/18/2023,Parts,05010008,Organic Drum,$85.07,$41.96 ,$41.96 ,$41.96 
10/23/2023,6LE20127000,OD-FC35,1,1, $ 28.93 , $ 28.93 , $ 28.93 ,5911-0,10/23/2023,Parts,05010028,Organic Drum,$19.24,$9.69 ,$9.69 ,$9.69 
1/29/2024,6LJ70402200,OD-FC30N,3,3, $ 37.22 , $ 111.66 , $ 111.66 ,7380-0,1/29/2024,Parts,05010031,Organic Drum,$18.95,$18.27 ,$54.81 ,
3/4/2024,6LJ70598000,ODFC50,6,6, $ 34.29 , $ 205.74 , $ 205.74 ,8027-0,3/4/2024,Parts,05010031,Organic Drum,$18.95,$15.34 ,$92.04 ,
4/8/2024,6LJ70598000,ODFC50,5,5, $ 34.29 , $ 171.45 , $ 171.45 ,8732-0,4/8/2024,Parts,05010031,Organic Drum,$18.95,$15.34 ,$76.70 ,
7/10/2023,6LJ70598000,ODFC50,5,5, $ 34.29 , $ 171.45 , $ 171.45 ,4214-0,7/10/2023,Parts,05010031,Organic Drum,$18.95,$15.34 ,$76.70 ,
8/21/2023,6LJ70598000,ODFC50,7,7, $ 34.29 , $ 240.03 , $ 240.03 ,4890-0,8/21/2023,Parts,05010031,Organic Drum,$18.95,$15.34 ,$107.38 ,
9/29/2023,6LJ70598000,ODFC50,7,7, $ 34.29 , $ 240.03 , $ 240.03 ,5584-0,9/29/2023,Parts,05010031,Organic Drum,$18.95,$15.34 ,$107.38 ,
11/13/2023,6LJ70598000,ODFC50,9,9, $ 34.29 , $ 308.61 , $ 308.61 ,6253-0,11/13/2023,Parts,05010031,Organic Drum,$18.95,$15.34 ,$138.06 ,
1/24/2024,6LJ70598000,ODFC50,7,7, $ 34.29 , $ 240.03 , $ 240.03 ,7304-0,1/24/2024,Parts,05010031,Organic Drum,$18.95,$15.34 ,107.38,$837.15 
6/7/2023,008R13061,Xerox WorkCentre 7835 Waste Toner,4,4, $ 14.96 , $ 59.84 , $ 59.84 ,3820-0,6/7/2023,Supplies,10055001,Waste Toner Bottle,$9.45,$5.51,$21.20 ,
5/2/2023,013R00662,"Xerox Drum Unit (125,000 Yield)",1,1, $ 268.00 , $ 268.00 , $ 268.00 ,3379-0,5/2/2023,Parts,10069003,Drum Unit Remanufactured,$76.00,$192.00 ,$192.00 ,
5/9/2023,013R00662,"Xerox Drum Unit (125,000 Yield)",2,2, $ 156.29 , $ 312.58 , $ 312.58 ,3412-0,5/9/2023,Parts,10069003,Drum Unit Remanufactured,$76.00,$80.29 ,$160.58 ,
5/12/2023,013R00662,"Xerox Drum Unit (125,000 Yield)",4,4, $ 156.29 , $ 625.16 , $ 625.16 ,3471-0,5/12/2023,Parts,10069003,Drum Unit Remanufactured,$76.00,$80.29 ,$321.16 ,
6/2/2023,013R00662,"Xerox Drum Unit (125,000 Yield)",2,2, $ 100.00 , $ 200.00 , $ 200.00 ,3676-0,6/2/2023,Parts,10069003,Drum Unit Remanufactured,$76.00,$24 ,$48 ,
6/2/2023,013R00662,"Xerox Drum Unit (125,000 Yield)",1,1, $ -   , $ -   , $ -   ,3774-0,6/2/2023,Parts,10069003,Drum Unit Remanufactured,$76.00,,,
11/7/2023,013R00662,"Xerox Drum Unit (125,000 Yield)",4,4, $ 156.29 , $ 625.16 , $ 625.16 ,6130-0,11/7/2023,Parts,10069003,Drum Unit Remanufactured,$76.00,$80.29 ,$321.16 ,
2/23/2024,013R00662,"Xerox Drum Unit (125,000 Yield)",4,4, $ 156.29 , $ 625.16 , $ 625.16 ,7896-0,2/23/2024,Parts,10069003,Drum Unit Remanufactured,$76.00,$80.29 ,$321.16 ,"$1,385.52 "
8/21/2023,54G0H00,MS911 Black High Yield Toner Cartridge,1,1," $ 202,258.00 "," $ 202,258.00 "," $ 202,258.00 ",4900-0,8/21/2023,Supplies,16071016,Toner,$59.80,,,
8/23/2023,54G0H00,MS911 Black High Yield Toner Cartridge,1,1, $ 225.00 , $ 225.00 , $ 225.00 ,4900-1,8/23/2023,Supplies,16071016,Toner,$59.80,$165.20 ,$165.20 ,$165.20 
1/2/2024,TN439BK,Brother Black Super High Yeild Toner 9000 yield,1,1, $ 52.97 , $ 52.97 , $ 52.97 ,6921-0,1/2/2024,Supplies,19071010,Black Toner Cartridge,$42.28,$10.69 ,$10.69 ,$10.69 
1/2/2024,TN439M,Brother Magenta Super High Yeild Toner 9000 yield,1,1, $ 81.77 , $ 81.77 , $ 81.77 ,6921-0,1/2/2024,Supplies,19071012,Magenta Toner Cartridge,$66.03,$15.74 ,$15.74 ,$15.74 
1/2/2024,TN439Y,Brother Yellow Super High Yeild Toner 9000 yield,1,1, $ 81.77 , $ 81.77 , $ 81.77 ,6921-0,1/2/2024,Supplies,19071013,Yellow Toner Cartridge,$66.03,$15.74 ,$15.74 ,$15.74 
10/23/2023, 0CW1037P231,COVER PNC F UPR S,1,1, $ 49.62 , $ 49.62 , $ 49.62 ,5871-0,10/23/2023,Parts,#N/A,#N/A,#N/A,,,
4/18/2023,001R00613,Xerox WorkCentre 7525 7530 7535 7545 7556 7830 7835 7845 7855 7970 Transf Belt Cleaner 160000 Yield,2,2, $ 23.53 , $ 47.06 , $ 47.06 ,3150-0,4/18/2023,Parts,#N/A,#N/A,#N/A,,,
5/25/2023,001R00613,Xerox WorkCentre 7525 7530 7535 7545 7556 7830 7835 7845 7855 7970 Transf Belt Cleaner 160000 Yield,1,1, $ 23.53 , $ 23.53 , $ 23.53 ,3048-0,5/25/2023,Parts,#N/A,#N/A,#N/A,,,
4/18/2023,001R00623,"Xerox AltaLink C8130, 35, 45, 55, 70, B8145, 55, 70 Transfer Belt Cleaner (160,000 Yield)",2,2, $ 31.80 , $ 63.60 , $ 63.60 ,3150-0,4/18/2023,Parts,#N/A,#N/A,#N/A,,,
3/1/2024,006R01642,Versant 80/180 Black Toner - 6R1642,2,2, $ 35.18 , $ 70.36 , $ 70.36 ,8013-0,3/1/2024,Supplies,#N/A,#N/A,#N/A,,,
3/7/2024,006R01642,Versant 80/180 Black Toner - 6R1642,2,2, $ 35.18 , $ 70.36 , $ 70.36 ,8115-0,3/7/2024,Supplies,#N/A,#N/A,#N/A,,,
3/18/2024,006R01642,Versant 80/180 Black Toner - 6R1642,1,1, $ 35.18 , $ 35.18 , $ 35.18 ,8361-0,3/18/2024,Supplies,#N/A,#N/A,#N/A,,,
3/20/2024,006R01642,Versant 80/180 Black Toner - 6R1642,2,2, $ 35.18 , $ 70.36 , $ 70.36 ,8417-0,3/20/2024,Supplies,#N/A,#N/A,#N/A,,,
4/10/2024,006R01642,Versant 80/180 Black Toner - 6R1642,1,1, $ 35.18 , $ 35.18 , $ 35.18 ,8810-0,4/10/2024,Supplies,#N/A,#N/A,#N/A,,,
5/1/2023,006R01642,Versant 80/180 Black Toner - 6R1642,1,1, $ 32.49 , $ 32.49 , $ 32.49 ,3342-0,5/1/2023,Supplies,#N/A,#N/A,#N/A,,,
5/4/2023,006R01642,Versant 80/180 Black Toner - 6R1642,1,1, $ 35.09 , $ 35.09 , $ 35.09 ,3376-0,5/4/2023,Supplies,#N/A,#N/A,#N/A,,,
5/10/2023,006R01642,Versant 80/180 Black Toner - 6R1642,1,1, $ 35.09 , $ 35.09 , $ 35.09 ,3443-0,5/10/2023,Supplies,#N/A,#N/A,#N/A,,,
6/8/2023,006R01642,Versant 80/180 Black Toner - 6R1642,2,2, $ 35.09 , $ 70.18 , $ 70.18 ,3803-0,6/8/2023,Supplies,#N/A,#N/A,#N/A,,,
6/23/2023,006R01642,Versant 80/180 Black Toner - 6R1642,1,1, $ 35.09 , $ 35.09 , $ 35.09 ,4042-0,6/23/2023,Supplies,#N/A,#N/A,#N/A,,,
6/30/2023,006R01642,Versant 80/180 Black Toner - 6R1642,1,1, $ 35.09 , $ 35.09 , $ 35.09 ,4135-0,6/30/2023,Supplies,#N/A,#N/A,#N/A,,,
7/7/2023,006R01642,Versant 80/180 Black Toner - 6R1642,1,1, $ 35.09 , $ 35.09 , $ 35.09 ,4192-0,7/7/2023,Supplies,#N/A,#N/A,#N/A,,,
7/19/2023,006R01642,Versant 80/180 Black Toner - 6R1642,1,1, $ 35.09 , $ 35.09 , $ 35.09 ,4405-0,7/19/2023,Supplies,#N/A,#N/A,#N/A,,,
7/31/2023,006R01642,Versant 80/180 Black Toner - 6R1642,1,1, $ 35.09 , $ 35.09 , $ 35.09 ,4540-0,7/31/2023,Supplies,#N/A,#N/A,#N/A,,,
8/7/2023,006R01642,Versant 80/180 Black Toner - 6R1642,1,1, $ 35.09 , $ 35.09 , $ 35.09 ,4665-0,8/7/2023,Supplies,#N/A,#N/A,#N/A,,,
8/10/2023,006R01642,Versant 80/180 Black Toner - 6R1642,3,3, $ 35.09 , $ 105.27 , $ 105.27 ,4740-0,8/10/2023,Supplies,#N/A,#N/A,#N/A,,,
9/1/2023,006R01642,Versant 80/180 Black Toner - 6R1642,2,2, $ 35.09 , $ 70.18 , $ 70.18 ,5080-0,9/1/2023,Supplies,#N/A,#N/A,#N/A,,,
9/18/2023,006R01642,Versant 80/180 Black Toner - 6R1642,3,3, $ 35.09 , $ 105.27 , $ 105.27 ,5402-0,9/18/2023,Supplies,#N/A,#N/A,#N/A,,,
10/11/2023,006R01642,Versant 80/180 Black Toner - 6R1642,4,4, $ 35.09 , $ 140.36 , $ 140.36 ,5721-0,10/11/2023,Supplies,#N/A,#N/A,#N/A,,,
10/30/2023,006R01642,Versant 80/180 Black Toner - 6R1642,2,2, $ 35.09 , $ 70.18 , $ 70.18 ,5981-0,10/30/2023,Supplies,#N/A,#N/A,#N/A,,,
11/10/2023,006R01642,Versant 80/180 Black Toner - 6R1642,2,2, $ 35.09 , $ 70.18 , $ 70.18 ,6208-0,11/10/2023,Supplies,#N/A,#N/A,#N/A,,,
11/21/2023,006R01642,Versant 80/180 Black Toner - 6R1642,2,2, $ 35.09 , $ 70.18 , $ 70.18 ,6448-0,11/21/2023,Supplies,#N/A,#N/A,#N/A,,,
12/8/2023,006R01642,Versant 80/180 Black Toner - 6R1642,3,3, $ 35.09 , $ 105.27 , $ 105.27 ,6610-0,12/8/2023,Supplies,#N/A,#N/A,#N/A,,,
1/18/2024,006R01642,Versant 80/180 Black Toner - 6R1642,2,2, $ 35.18 , $ 70.36 , $ 70.36 ,7163-0,1/18/2024,Supplies,#N/A,#N/A,#N/A,,,
1/29/2024,006R01642,Versant 80/180 Black Toner - 6R1642,2,2, $ 35.18 , $ 70.36 , $ 70.36 ,7369-0,1/29/2024,Supplies,#N/A,#N/A,#N/A,,,
2/1/2024,006R01642,Versant 80/180 Black Toner - 6R1642,2,2, $ 35.18 , $ 70.36 , $ 70.36 ,7448-0,2/1/2024,Supplies,#N/A,#N/A,#N/A,,,
2/22/2024,006R01642,Versant 80/180 Black Toner - 6R1642,1,1, $ 35.18 , $ 35.18 , $ 35.18 ,7881-0,2/22/2024,Supplies,#N/A,#N/A,#N/A,,,
3/26/2024,006R01643,Versant 80/180 Cyan Toner - 6R1643,1,1, $ 46.91 , $ 46.91 , $ 46.91 ,8551-0,3/26/2024,Supplies,#N/A,#N/A,#N/A,,,
3/27/2024,006R01643,Versant 80/180 Cyan Toner - 6R1643,1,1, $ 46.79 , $ 46.79 , $ 46.79 ,8551-0,3/27/2024,Supplies,#N/A,#N/A,#N/A,,,
4/10/2024,006R01643,Versant 80/180 Cyan Toner - 6R1643,1,1, $ 46.91 , $ 46.91 , $ 46.91 ,8810-0,4/10/2024,Supplies,#N/A,#N/A,#N/A,,,
5/10/2023,006R01643,Versant 80/180 Cyan Toner - 6R1643,1,1, $ 43.32 , $ 43.32 , $ 43.32 ,3443-0,5/10/2023,Supplies,#N/A,#N/A,#N/A,,,
6/23/2023,006R01643,Versant 80/180 Cyan Toner - 6R1643,1,1, $ 46.79 , $ 46.79 , $ 46.79 ,4042-0,6/23/2023,Supplies,#N/A,#N/A,#N/A,,,
7/31/2023,006R01643,Versant 80/180 Cyan Toner - 6R1643,1,1, $ 46.79 , $ 46.79 , $ 46.79 ,4540-0,7/31/2023,Supplies,#N/A,#N/A,#N/A,,,
9/1/2023,006R01643,Versant 80/180 Cyan Toner - 6R1643,2,2, $ 46.79 , $ 93.58 , $ 93.58 ,5080-0,9/1/2023,Supplies,#N/A,#N/A,#N/A,,,
9/26/2023,006R01643,Versant 80/180 Cyan Toner - 6R1643,1,1, $ 46.79 , $ 46.79 , $ 46.79 ,5496-0,9/26/2023,Supplies,#N/A,#N/A,#N/A,,,
10/30/2023,006R01643,Versant 80/180 Cyan Toner - 6R1643,2,2, $ 46.79 , $ 93.58 , $ 93.58 ,5981-0,10/30/2023,Supplies,#N/A,#N/A,#N/A,,,
11/2/2023,006R01643,Versant 80/180 Cyan Toner - 6R1643,2,2, $ 46.79 , $ 93.58 , $ 93.58 ,6059-0,11/2/2023,Supplies,#N/A,#N/A,#N/A,,,
2/1/2024,006R01643,Versant 80/180 Cyan Toner - 6R1643,2,2, $ 46.79 , $ 93.58 , $ 93.58 ,7448-0,2/1/2024,Supplies,#N/A,#N/A,#N/A,,,
3/11/2024,006R01644,Versant 80/180 Magenta Toner - 6R1644,2,2, $ 46.79 , $ 93.58 , $ 93.58 ,8212-0,3/11/2024,Supplies,#N/A,#N/A,#N/A,,,
5/3/2023,006R01644,Versant 80/180 Magenta Toner - 6R1644,1,1, $ 46.79 , $ 46.79 , $ 46.79 ,3359-0,5/3/2023,Supplies,#N/A,#N/A,#N/A,,,
6/1/2023,006R01644,Versant 80/180 Magenta Toner - 6R1644,1,1, $ 46.79 , $ 46.79 , $ 46.79 ,3677-0,6/1/2023,Supplies,#N/A,#N/A,#N/A,,,
6/23/2023,006R01644,Versant 80/180 Magenta Toner - 6R1644,1,1, $ 46.79 , $ 46.79 , $ 46.79 ,4042-0,6/23/2023,Supplies,#N/A,#N/A,#N/A,,,
7/19/2023,006R01644,Versant 80/180 Magenta Toner - 6R1644,1,1, $ 46.79 , $ 46.79 , $ 46.79 ,4405-0,7/19/2023,Supplies,#N/A,#N/A,#N/A,,,
8/7/2023,006R01644,Versant 80/180 Magenta Toner - 6R1644,1,1, $ 46.79 , $ 46.79 , $ 46.79 ,4665-0,8/7/2023,Supplies,#N/A,#N/A,#N/A,,,
8/25/2023,006R01644,Versant 80/180 Magenta Toner - 6R1644,2,2, $ 46.79 , $ 93.58 , $ 93.58 ,4946-0,8/25/2023,Supplies,#N/A,#N/A,#N/A,,,
10/16/2023,006R01644,Versant 80/180 Magenta Toner - 6R1644,2,2, $ 46.79 , $ 93.58 , $ 93.58 ,5805-0,10/16/2023,Supplies,#N/A,#N/A,#N/A,,,
10/30/2023,006R01644,Versant 80/180 Magenta Toner - 6R1644,2,2, $ 46.79 , $ 93.58 , $ 93.58 ,5981-0,10/30/2023,Supplies,#N/A,#N/A,#N/A,,,
2/1/2024,006R01644,Versant 80/180 Magenta Toner - 6R1644,2,2, $ 46.79 , $ 93.58 , $ 93.58 ,7448-0,2/1/2024,Supplies,#N/A,#N/A,#N/A,,,
3/18/2024,006R01645,Versant 80/180 Yellow Toner - 6R1645,1,1, $ 46.91 , $ 46.91 , $ 46.91 ,8361-0,3/18/2024,Supplies,#N/A,#N/A,#N/A,,,
3/26/2024,006R01645,Versant 80/180 Yellow Toner - 6R1645,1,1, $ 46.91 , $ 46.91 , $ 46.91 ,8551-0,3/26/2024,Supplies,#N/A,#N/A,#N/A,,,
3/27/2024,006R01645,Versant 80/180 Yellow Toner - 6R1645,1,1, $ 46.91 , $ 46.91 , $ 46.91 ,8551-0,3/27/2024,Supplies,#N/A,#N/A,#N/A,,,
4/9/2024,006R01645,Versant 80/180 Yellow Toner - 6R1645,2,2, $ 46.91 , $ 93.82 , $ 93.82 ,8789-0,4/9/2024,Supplies,#N/A,#N/A,#N/A,,,
5/4/2023,006R01645,Versant 80/180 Yellow Toner - 6R1645,1,1, $ 46.79 , $ 46.79 , $ 46.79 ,3376-0,5/4/2023,Supplies,#N/A,#N/A,#N/A,,,
6/8/2023,006R01645,Versant 80/180 Yellow Toner - 6R1645,1,1, $ 46.79 , $ 46.79 , $ 46.79 ,3829-0,6/8/2023,Supplies,#N/A,#N/A,#N/A,,,
6/30/2023,006R01645,Versant 80/180 Yellow Toner - 6R1645,1,1, $ 46.79 , $ 46.79 , $ 46.79 ,4135-0,6/30/2023,Supplies,#N/A,#N/A,#N/A,,,
7/7/2023,006R01645,Versant 80/180 Yellow Toner - 6R1645,1,1, $ 46.79 , $ 46.79 , $ 46.79 ,4192-0,7/7/2023,Supplies,#N/A,#N/A,#N/A,,,
8/25/2023,006R01645,Versant 80/180 Yellow Toner - 6R1645,2,2, $ 46.79 , $ 93.58 , $ 93.58 ,4946-0,8/25/2023,Supplies,#N/A,#N/A,#N/A,,,
10/16/2023,006R01645,Versant 80/180 Yellow Toner - 6R1645,2,2, $ 46.79 , $ 93.58 , $ 93.58 ,5805-0,10/16/2023,Supplies,#N/A,#N/A,#N/A,,,
10/30/2023,006R01645,Versant 80/180 Yellow Toner - 6R1645,2,2, $ 46.79 , $ 93.58 , $ 93.58 ,5981-0,10/30/2023,Supplies,#N/A,#N/A,#N/A,,,
11/21/2023,006R01645,Versant 80/180 Yellow Toner - 6R1645,1,1, $ 46.79 , $ 46.79 , $ 46.79 ,6448-0,11/21/2023,Supplies,#N/A,#N/A,#N/A,,,
1/18/2024,006R01645,Versant 80/180 Yellow Toner - 6R1645,2,2, $ 46.91 , $ 93.82 , $ 93.82 ,7163-0,1/18/2024,Supplies,#N/A,#N/A,#N/A,,,
3/8/2024,006R01734,Xerox Genuine Color PrimeLink XC9065 XC9070 Black Toner Cartridge 30000 Yield,5,5, $ 47.68 , $ 238.40 , $ 238.40 ,8177-0,3/8/2024,Supplies,#N/A,#N/A,#N/A,,,
3/25/2024,006R01734,Xerox Genuine Color PrimeLink XC9065 XC9070 Black Toner Cartridge 30000 Yield,5,5, $ 47.68 , $ 238.40 , $ 238.40 ,8531-0,3/25/2024,Supplies,#N/A,#N/A,#N/A,,,
3/26/2024,006R01734,Xerox Genuine Color PrimeLink XC9065 XC9070 Black Toner Cartridge 30000 Yield,5,5, $ 47.68 , $ 238.40 , $ 238.40 ,8531-0,3/26/2024,Supplies,#N/A,#N/A,#N/A,,,
3/27/2024,006R01734,Xerox Genuine Color PrimeLink XC9065 XC9070 Black Toner Cartridge 30000 Yield,5,5, $ 47.68 , $ 238.40 , $ 238.40 ,8531-0,3/27/2024,Supplies,#N/A,#N/A,#N/A,,,
5/10/2023,006R01734,Xerox Genuine Color PrimeLink XC9065 XC9070 Black Toner Cartridge 30000 Yield,6,6, $ 43.50 , $ 261.00 , $ 261.00 ,3445-0,5/10/2023,Supplies,#N/A,#N/A,#N/A,,,
6/1/2023,006R01734,Xerox Genuine Color PrimeLink XC9065 XC9070 Black Toner Cartridge 30000 Yield,5,5, $ 47.68 , $ 238.40 , $ 238.40 ,3677-0,6/1/2023,Supplies,#N/A,#N/A,#N/A,,,
8/9/2023,006R01734,Xerox Genuine Color PrimeLink XC9065 XC9070 Black Toner Cartridge 30000 Yield,6,6, $ 47.68 , $ 286.08 , $ 286.08 ,4693-0,8/9/2023,Supplies,#N/A,#N/A,#N/A,,,
9/7/2023,006R01734,Xerox Genuine Color PrimeLink XC9065 XC9070 Black Toner Cartridge 30000 Yield,5,5, $ 47.68 , $ 238.40 , $ 238.40 ,5113-0,9/7/2023,Supplies,#N/A,#N/A,#N/A,,,
10/6/2023,006R01734,Xerox Genuine Color PrimeLink XC9065 XC9070 Black Toner Cartridge 30000 Yield,5,5, $ 47.68 , $ 238.40 , $ 238.40 ,5653-0,10/6/2023,Supplies,#N/A,#N/A,#N/A,,,
11/6/2023,006R01734,Xerox Genuine Color PrimeLink XC9065 XC9070 Black Toner Cartridge 30000 Yield,4,4, $ 47.68 , $ 190.72 , $ 190.72 ,6123-0,11/6/2023,Supplies,#N/A,#N/A,#N/A,,,
11/30/2023,006R01734,Xerox Genuine Color PrimeLink XC9065 XC9070 Black Toner Cartridge 30000 Yield,4,4, $ 47.68 , $ 190.72 , $ 190.72 ,6512-0,11/30/2023,Supplies,#N/A,#N/A,#N/A,,,
1/4/2024,006R01734,Xerox Genuine Color PrimeLink XC9065 XC9070 Black Toner Cartridge 30000 Yield,5,5, $ 47.68 , $ 238.40 , $ 238.40 ,6955-0,1/4/2024,Supplies,#N/A,#N/A,#N/A,,,
1/31/2024,006R01734,Xerox Genuine Color PrimeLink XC9065 XC9070 Black Toner Cartridge 30000 Yield,4,4, $ 47.68 , $ 190.72 , $ 190.72 ,7408-0,1/31/2024,Supplies,#N/A,#N/A,#N/A,,,
10/4/2023,006R01735,Xerox Genuine Color PrimeLink XC9065 XC9070 Cyan Toner Cartridge 34000 Yield,3,3, $ 117.29 , $ 351.87 , $ 351.87 ,5613-0,10/4/2023,Supplies,#N/A,#N/A,#N/A,,,
2/26/2024,006R01735,Xerox Genuine Color PrimeLink XC9065 XC9070 Cyan Toner Cartridge 34000 Yield,3,3, $ 117.29 , $ 351.87 , $ 351.87 ,7971-0,2/26/2024,Supplies,#N/A,#N/A,#N/A,,,
3/8/2024,006R01736,Xerox Genuine Color PrimeLink XC9065 XC9070 Magenta Toner Cartridge 34000 Yield,3,3, $ 117.29 , $ 351.87 , $ 351.87 ,8177-0,3/8/2024,Supplies,#N/A,#N/A,#N/A,,,
6/1/2023,006R01736,Xerox Genuine Color PrimeLink XC9065 XC9070 Magenta Toner Cartridge 34000 Yield,3,3, $ 117.29 , $ 351.87 , $ 351.87 ,3677-0,6/1/2023,Supplies,#N/A,#N/A,#N/A,,,
12/14/2023,006R01736,Xerox Genuine Color PrimeLink XC9065 XC9070 Magenta Toner Cartridge 34000 Yield,3,3, $ 117.29 , $ 351.87 , $ 351.87 ,6706-0,12/14/2023,Supplies,#N/A,#N/A,#N/A,,,
6/29/2023,006R01737,Xerox Genuine Color PrimeLink XC9065 XC9070 Yellow Toner Cartridge 34000 Yield,3,3, $ 117.29 , $ 351.87 , $ 351.87 ,4116-0,6/29/2023,Supplies,#N/A,#N/A,#N/A,,,
11/6/2023,006R01737,Xerox Genuine Color PrimeLink XC9065 XC9070 Yellow Toner Cartridge 34000 Yield,3,3, $ 117.29 , $ 351.87 , $ 351.87 ,6123-0,11/6/2023,Supplies,#N/A,#N/A,#N/A,,,
2/7/2024,006R01737,Xerox Genuine Color PrimeLink XC9065 XC9070 Yellow Toner Cartridge 34000 Yield,3,3, $ 117.29 , $ 351.87 , $ 351.87 ,7544-0,2/7/2024,Supplies,#N/A,#N/A,#N/A,,,
2/28/2024,006R01766,Xerox PrimeLink B9000 B9100 B9110 B9125 B9136 Black Toner Cartridge 71500 Yield,1,1, $ 62.74 , $ 62.74 , $ 62.74 ,8056-0,2/28/2024,Supplies,#N/A,#N/A,#N/A,,,
3/18/2024,006R01766,Xerox PrimeLink B9000 B9100 B9110 B9125 B9136 Black Toner Cartridge 71500 Yield,1,1, $ 62.74 , $ 62.74 , $ 62.74 ,8380-0,3/18/2024,Supplies,#N/A,#N/A,#N/A,,,
4/8/2024,006R01766,Xerox PrimeLink B9000 B9100 B9110 B9125 B9136 Black Toner Cartridge 71500 Yield,1,1, $ 62.74 , $ 62.74 , $ 62.74 ,8804-0,4/8/2024,Supplies,#N/A,#N/A,#N/A,,,
4/28/2023,006R01766,Xerox PrimeLink B9000 B9100 B9110 B9125 B9136 Black Toner Cartridge 71500 Yield,1,1, $ 59.87 , $ 59.87 , $ 59.87 ,3343-0,4/28/2023,Supplies,#N/A,#N/A,#N/A,,,
5/9/2023,006R01766,Xerox PrimeLink B9000 B9100 B9110 B9125 B9136 Black Toner Cartridge 71500 Yield,1,1, $ 62.74 , $ 62.74 , $ 62.74 ,3412-0,5/9/2023,Supplies,#N/A,#N/A,#N/A,,,
5/25/2023,006R01766,Xerox PrimeLink B9000 B9100 B9110 B9125 B9136 Black Toner Cartridge 71500 Yield,1,1, $ 62.74 , $ 62.74 , $ 62.74 ,3635-0,5/25/2023,Supplies,#N/A,#N/A,#N/A,,,
6/16/2023,006R01766,Xerox PrimeLink B9000 B9100 B9110 B9125 B9136 Black Toner Cartridge 71500 Yield,1,1, $ 62.74 , $ 62.74 , $ 62.74 ,3977-0,6/16/2023,Supplies,#N/A,#N/A,#N/A,,,
7/13/2023,006R01766,Xerox PrimeLink B9000 B9100 B9110 B9125 B9136 Black Toner Cartridge 71500 Yield,1,1, $ 62.74 , $ 62.74 , $ 62.74 ,4331-0,7/13/2023,Supplies,#N/A,#N/A,#N/A,,,
9/18/2023,006R01766,Xerox PrimeLink B9000 B9100 B9110 B9125 B9136 Black Toner Cartridge 71500 Yield,1,1, $ 62.74 , $ 62.74 , $ 62.74 ,5447-0,9/18/2023,Supplies,#N/A,#N/A,#N/A,,,
10/4/2023,006R01766,Xerox PrimeLink B9000 B9100 B9110 B9125 B9136 Black Toner Cartridge 71500 Yield,1,1, $ 62.74 , $ 62.74 , $ 62.74 ,5673-0,10/4/2023,Supplies,#N/A,#N/A,#N/A,,,
11/17/2023,006R01766,Xerox PrimeLink B9000 B9100 B9110 B9125 B9136 Black Toner Cartridge 71500 Yield,1,1, $ 62.74 , $ 62.74 , $ 62.74 ,6377-0,11/17/2023,Supplies,#N/A,#N/A,#N/A,,,
1/3/2024,006R01766,Xerox PrimeLink B9000 B9100 B9110 B9125 B9136 Black Toner Cartridge 71500 Yield,1,1, $ 62.74 , $ 62.74 , $ 62.74 ,6975-0,1/3/2024,Supplies,#N/A,#N/A,#N/A,,,
1/23/2024,006R01766,Xerox PrimeLink B9000 B9100 B9110 B9125 B9136 Black Toner Cartridge 71500 Yield,1,1, $ 62.74 , $ 62.74 , $ 62.74 ,7298-0,1/23/2024,Supplies,#N/A,#N/A,#N/A,,,
2/13/2024,006R01766,Xerox PrimeLink B9000 B9100 B9110 B9125 B9136 Black Toner Cartridge 71500 Yield,1,1, $ 62.74 , $ 62.74 , $ 62.74 ,7719-0,2/13/2024,Supplies,#N/A,#N/A,#N/A,,,
3/7/2024,006R01824,"Xerox VersaLink C7120, 7125, 7130 Genuine Extra High Capacity Black Toner Cartridge (36,000 Yield)",1,1, $ 62.50 , $ 62.50 , $ 62.50 ,8206-0,3/7/2024,Supplies,#N/A,#N/A,#N/A,,,
12/6/2023,006R01825,"Xerox VersaLink C7120, 7125, 7130 Genuine Extra High Capacity Cyan Toner Cartridge (21,000 Yield",1,1, $ 101.28 , $ 101.28 , $ 101.28 ,6609-0,12/6/2023,Supplies,#N/A,#N/A,#N/A,,,
12/6/2023,006R01826,"Xerox VersaLink C7120, 7125, 7130 Genuine Extra High Capacity Magenta Toner Cartridge (21,000 Yield",1,1, $ 101.28 , $ 101.28 , $ 101.28 ,6609-0,12/6/2023,Supplies,#N/A,#N/A,#N/A,,,
12/6/2023,006R01827,"Xerox VersaLink C7120, 7125, 7130 Genuine Extra High Capacity Yellow Toner Cartridge (21,000 Yield",1,1, $ 101.28 , $ 101.28 , $ 101.28 ,6609-0,12/6/2023,Supplies,#N/A,#N/A,#N/A,,,
4/11/2023,006R04399,"Xerox B230, B225, B235 Standard Capacity Use & Return Toner Cartridge (1,200 Yield)",4,4, $ 45.66 , $ 182.64 , $ 182.64 ,3115-0,4/11/2023,Supplies,#N/A,#N/A,#N/A,,,
4/20/2023,006R04399,"Xerox B230, B225, B235 Standard Capacity Use & Return Toner Cartridge (1,200 Yield)",4,4, $ 45.66 , $ 182.64 , $ 182.64 ,3216-0,4/20/2023,Supplies,#N/A,#N/A,#N/A,,,
4/24/2023,006R04399,"Xerox B230, B225, B235 Standard Capacity Use & Return Toner Cartridge (1,200 Yield)",4,4, $ 45.66 , $ 182.64 , $ 182.64 ,3261-0,4/24/2023,Supplies,#N/A,#N/A,#N/A,,,
1/18/2024,007K19372,DRIVE ASSY-MAI,1,1, $ 230.00 , $ 230.00 , $ 230.00 ,7184-0,1/18/2024,Parts,#N/A,#N/A,#N/A,,,
3/8/2024,008R12990,WASTE BTL DC240/250/242/ 252/WC7665/7655    47074,3,3, $ 6.08 , $ 18.24 , $ 18.24 ,8177-0,3/8/2024,Supplies,#N/A,#N/A,#N/A,,,
3/29/2024,008R12990,WASTE BTL DC240/250/242/ 252/WC7665/7655    47074,5,5, $ 6.08 , $ 30.40 , $ 30.40 ,8577-0,3/29/2024,Supplies,#N/A,#N/A,#N/A,,,
4/26/2023,008R12990,WASTE BTL DC240/250/242/ 252/WC7665/7655    47074,3,3, $ 5.56 , $ 16.68 , $ 16.68 ,3281-0,4/26/2023,Supplies,#N/A,#N/A,#N/A,,,
5/10/2023,008R12990,WASTE BTL DC240/250/242/ 252/WC7665/7655    47074,3,3, $ 5.56 , $ 16.68 , $ 16.68 ,3443-0,5/10/2023,Supplies,#N/A,#N/A,#N/A,,,
6/29/2023,008R12990,WASTE BTL DC240/250/242/ 252/WC7665/7655    47074,3,3, $ 6.08 , $ 18.24 , $ 18.24 ,4116-0,6/29/2023,Supplies,#N/A,#N/A,#N/A,,,
7/24/2023,008R12990,WASTE BTL DC240/250/242/ 252/WC7665/7655    47074,3,3, $ 6.08 , $ 18.24 , $ 18.24 ,4441-0,7/24/2023,Supplies,#N/A,#N/A,#N/A,,,
8/23/2023,008R12990,WASTE BTL DC240/250/242/ 252/WC7665/7655    47074,3,3, $ 6.08 , $ 18.24 , $ 18.24 ,4941-0,8/23/2023,Supplies,#N/A,#N/A,#N/A,,,
10/6/2023,008R12990,WASTE BTL DC240/250/242/ 252/WC7665/7655    47074,3,3, $ 6.08 , $ 18.24 , $ 18.24 ,5653-0,10/6/2023,Supplies,#N/A,#N/A,#N/A,,,
10/31/2023,008R12990,WASTE BTL DC240/250/242/ 252/WC7665/7655    47074,3,3, $ 6.08 , $ 18.24 , $ 18.24 ,6021-0,10/31/2023,Supplies,#N/A,#N/A,#N/A,,,
11/6/2023,008R12990,WASTE BTL DC240/250/242/ 252/WC7665/7655    47074,3,3, $ 6.08 , $ 18.24 , $ 18.24 ,6123-0,11/6/2023,Supplies,#N/A,#N/A,#N/A,,,
1/10/2024,008R12990,WASTE BTL DC240/250/242/ 252/WC7665/7655    47074,4,4, $ 6.08 , $ 24.32 , $ 24.32 ,7031-0,1/10/2024,Supplies,#N/A,#N/A,#N/A,,,
4/18/2023,008R13064,"Xerox WorkCentre 7425, 7428, 7435, 7525, 7530, 7535, 7545, 7556, 7830, 7835, 7845, 7855, 7970 Transf",2,2, $ 54.62 , $ 109.24 , $ 109.24 ,3150-0,4/18/2023,Parts,#N/A,#N/A,#N/A,,,
6/2/2023,008R13064,"Xerox WorkCentre 7425, 7428, 7435, 7525, 7530, 7535, 7545, 7556, 7830, 7835, 7845, 7855, 7970 Transf",1,1, $ -   , $ -   , $ -   ,3774-0,6/2/2023,Parts,#N/A,#N/A,#N/A,,,
12/13/2023,008R13102,Xerox Color 560 570 Fuser Unit 110V 200000 Yield,1,1, $ 192.88 , $ 192.88 , $ 192.88 ,6675-0,12/13/2023,Parts,#N/A,#N/A,#N/A,,,
8/7/2023,008R13169,"Xerox V3100, V180 Advance HCF Feed Roll Kits (333,000 Yield)",1,1, $ 72.35 , $ 72.35 , $ 72.35 ,4386-0,8/7/2023,Parts,#N/A,#N/A,#N/A,,,
2/16/2024,008R13169,"Xerox V3100, V180 Advance HCF Feed Roll Kits (333,000 Yield)",2,2, $ 72.35 , $ 144.70 , $ 144.70 ,6936-0,2/16/2024,Parts,#N/A,#N/A,#N/A,,,
4/5/2024,008R13303,Xerox PrimeLink B9100 B9110 B9125 B9136 Fuser Cleaning Cartridge 400000 Yield - CRU,2,2, $ 103.03 , $ 206.06 , $ 206.06 ,8766-0,4/5/2024,Parts,#N/A,#N/A,#N/A,,,
7/31/2023,008R13303,Xerox PrimeLink B9100 B9110 B9125 B9136 Fuser Cleaning Cartridge 400000 Yield - CRU,2,2, $ 103.03 , $ 206.06 , $ 206.06 ,4234-0,7/31/2023,Parts,#N/A,#N/A,#N/A,,,
7/31/2023,008R13303,Xerox PrimeLink B9100 B9110 B9125 B9136 Fuser Cleaning Cartridge 400000 Yield - CRU,2,2, $ 103.03 , $ 206.06 , $ 206.06 ,4234-0,7/31/2023,Parts,#N/A,#N/A,#N/A,,,
6/1/2023,013R00664,COLOR DRUM 550/560,5,5, $ 132.01 , $ 660.05 , $ 660.05 ,3678-0,6/1/2023,Parts,#N/A,#N/A,#N/A,,,
3/29/2024,013R00676,"Xerox V3100, V180 Drum Cartridge (48,000 Yield) - CRU",5,5, $ 89.41 , $ 447.05 , $ 447.05 ,8577-0,3/29/2024,Parts,#N/A,#N/A,#N/A,,,
4/27/2023,013R00676,"Xerox V3100, V180 Drum Cartridge (48,000 Yield) - CRU",7,7, $ 82.79 , $ 579.53 , $ 579.53 ,3301-0,4/27/2023,Parts,#N/A,#N/A,#N/A,,,
10/6/2023,013R00676,"Xerox V3100, V180 Drum Cartridge (48,000 Yield) - CRU",8,8, $ 89.41 , $ 715.28 , $ 715.28 ,5680-0,10/6/2023,Parts,#N/A,#N/A,#N/A,,,
4/18/2023,013R00681,"Xerox AltaLink C8130, C8135, C8145, C8155, C8170 Drum Cartridge (180,000 Yield)",8,8, $ 203.76 ," $ 1,630.08 "," $ 1,630.08 ",3150-0,4/18/2023,Parts,#N/A,#N/A,#N/A,,,
4/24/2023,013R00691,"Xerox Imaging Unit B230, B225,B235",4,4, $ 70.32 , $ 281.28 , $ 281.28 ,3261-0,4/24/2023,Parts,#N/A,#N/A,#N/A,,,
9/1/2023,019K15351,FINGER ASSY,1,1, $ 76.85 , $ 76.85 , $ 76.85 ,5089-0,9/1/2023,Parts,#N/A,#N/A,#N/A,,,
2/21/2024,019K15351,FINGER ASSY,1,1, $ 63.60 , $ 63.60 , $ 63.60 ,7889-0,2/21/2024,Parts,#N/A,#N/A,#N/A,,,
3/13/2024,0281676001,"TROY M506, M527 High Yield MICR Toner Secure Cartridge (18,000 Yield)",2,2, $ 639.90 ," $ 1,279.80 "," $ 1,279.80 ",8321-0,3/13/2024,Supplies,#N/A,#N/A,#N/A,,,
3/22/2024,0281676001,"TROY M506, M527 High Yield MICR Toner Secure Cartridge (18,000 Yield)",2,2, $ 639.90 ," $ 1,279.80 "," $ 1,279.80 ",8496-0,3/22/2024,Supplies,#N/A,#N/A,#N/A,,,
8/8/2023,0281680001,TROY MICR Toner Secure Standard Yield Cartridge (5000 Yield),1,1, $ 261.63 , $ 261.63 , $ 261.63 ,4741-0,8/8/2023,Supplies,#N/A,#N/A,#N/A,,,
11/3/2023,0281680001,TROY MICR Toner Secure Standard Yield Cartridge (5000 Yield),1,1, $ 261.63 , $ 261.63 , $ 261.63 ,6133-0,11/3/2023,Supplies,#N/A,#N/A,#N/A,,,
9/5/2023,0281681001,TROY MICR M507 Toner Secure High Yield Cartridge (10000 Yield),1,1, $ 397.18 , $ 397.18 , $ 397.18 ,5121-0,9/5/2023,Supplies,#N/A,#N/A,#N/A,,,
8/18/2023,02CF258X001,"TROY M404, M406, M428 High Yield MICR Toner Secure Cartridge (Coordinating HP Part Number CF258X)",1,1, $ 373.81 , $ 373.81 , $ 373.81 ,4889-0,8/18/2023,Supplies,#N/A,#N/A,#N/A,,,
11/22/2023,02CF258X001,"TROY M404, M406, M428 High Yield MICR Toner Secure Cartridge (Coordinating HP Part Number CF258X)",1,1, $ 373.81 , $ 373.81 , $ 373.81 ,6468-0,11/22/2023,Supplies,#N/A,#N/A,#N/A,,,
8/29/2023,02W1470A001,"TROY M610, M611, M612 MICR Toner Cartridge (10,500 Yield) (Compatible with HP (70A) LaserJet M610,",1,1, $ 374.51 , $ 374.51 , $ 374.51 ,5056-0,8/29/2023,Supplies,#N/A,#N/A,#N/A,,,
2/22/2024,02W1470A001,"TROY M610, M611, M612 MICR Toner Cartridge (10,500 Yield) (Compatible with HP (70A) LaserJet M610,",1,1, $ 374.51 , $ 374.51 , $ 374.51 ,7938-0,2/22/2024,Supplies,#N/A,#N/A,#N/A,,,
2/28/2024,0388B003,Canon Genuine OEM 0388B003 GPR22 (GPR-22) Drum Cartridge ,1,1, $ 84.25 , $ 84.25 , $ 84.25 ,8025-0,2/28/2024,Supplies,#N/A,#N/A,#N/A,,,
12/18/2023,042K94700,CLEANER ASSY-IB,2,2, $ 108.12 , $ 216.24 , $ 216.24 ,6741-0,12/18/2023,Parts,#N/A,#N/A,#N/A,,,
2/7/2024,042K94700,CLEANER ASSY-IB,1,1, $ 108.12 , $ 108.12 , $ 108.12 ,7573-0,2/7/2024,Parts,#N/A,#N/A,#N/A,,,
1/10/2024,052K13522,ELBOW ASY-BOTT,1,1, $ 51.99 , $ 51.99 , $ 51.99 ,7059-0,1/10/2024,Parts,#N/A,#N/A,#N/A,,,
5/26/2023,052K14330,PIPECOLLECTRA,1,1, $ 48.23 , $ 48.23 , $ 48.23 ,3644-0,5/26/2023,Parts,#N/A,#N/A,#N/A,,,
5/26/2023,052K14420,BOTTOMELBOWAS,2,2, $ 37.74 , $ 75.48 , $ 75.48 ,3644-0,5/26/2023,Parts,#N/A,#N/A,#N/A,,,
11/10/2023,052K14420,BOTTOMELBOWAS,1,1, $ 67.80 , $ 67.80 , $ 67.80 ,6249-0,11/10/2023,Parts,#N/A,#N/A,#N/A,,,
9/7/2023,053K06160,UFP FILTER,1,1, $ 10.18 , $ 10.18 , $ 10.18 ,5030-0,9/7/2023,Parts,#N/A,#N/A,#N/A,,,
6/2/2023,054K34144,Xerox FRU:Chute Assy 3TM,2,2, $ 0.01 , $ 0.02 , $ 0.02 ,3676-0,6/2/2023,Parts,#N/A,#N/A,#N/A,,,
6/15/2023,054K56931,CHUTE ASSY REG,1,1, $ 52.63 , $ 52.63 , $ 52.63 ,3936-0,6/15/2023,Parts,#N/A,#N/A,#N/A,,,
11/20/2023,054K56931,CHUTE ASSY REG,1,1, $ 115.00 , $ 115.00 , $ 115.00 ,6397-0,11/20/2023,Parts,#N/A,#N/A,#N/A,,,
10/31/2023,054K58160,KIT ASSY EXIT,1,1, $ 24.80 , $ 24.80 , $ 24.80 ,5892-0,10/31/2023,Parts,#N/A,#N/A,#N/A,,,
3/14/2024,059K37001,PRESSURE ROLL,1,1, $ 149.46 , $ 149.46 , $ 149.46 ,8315-0,3/14/2024,Parts,#N/A,#N/A,#N/A,,,
7/19/2023,059K56800,ROLL ASY-PINC,1,1, $ 14.89 , $ 14.89 , $ 14.89 ,4391-0,7/19/2023,Parts,#N/A,#N/A,#N/A,,,
7/19/2023,059K56990,ROLL ASY-PINC,1,1, $ 18.97 , $ 18.97 , $ 18.97 ,4391-0,7/19/2023,Parts,#N/A,#N/A,#N/A,,,
8/29/2023,059K68397,2nd BTR Roll Assembly,1,1, $ 176.49 , $ 176.49 , $ 176.49 ,5030-0,8/29/2023,Parts,#N/A,#N/A,#N/A,,,
4/14/2023,059K78301,ROLLER ASSEMBLY,2,2, $ 14.68 , $ 29.36 , $ 29.36 ,3149-0,4/14/2023,Parts,#N/A,#N/A,#N/A,,,
8/29/2023,059K79201,"1st BTR Roll (C,M,Y)",3,3, $ 24.59 , $ 73.77 , $ 73.77 ,5030-0,8/29/2023,Parts,#N/A,#N/A,#N/A,,,
8/29/2023,059K79211,1st BTR Roll (K),1,1, $ 30.37 , $ 30.37 , $ 30.37 ,5030-0,8/29/2023,Parts,#N/A,#N/A,#N/A,,,
1/3/2024,059K79335,Xerox registration Assembley,1,1, $ 48.76 , $ 48.76 , $ 48.76 ,6935-0,1/3/2024,Parts,#N/A,#N/A,#N/A,,,
12/18/2023,064K94190,BELT ASSY-IBT F,2,2, $ 116.60 , $ 233.20 , $ 233.20 ,6741-0,12/18/2023,Parts,#N/A,#N/A,#N/A,,,
4/13/2023,0CW4F553350//,ASM COVER FRONT S,1,1, $ 85.38 , $ 85.38 , $ 85.38 ,3089-0,4/13/2023,Parts,#N/A,#N/A,#N/A,,,
6/22/2023,0CWFE2D5050//,RollerShaft,4,4, $ 5.45 , $ 21.80 , $ 21.80 ,4035-0,6/22/2023,Parts,#N/A,#N/A,#N/A,,,
6/22/2023,0CWFE2E3420//,Roller,4,4, $ 3.48 , $ 13.92 , $ 13.92 ,4035-0,6/22/2023,Parts,#N/A,#N/A,#N/A,,,
4/18/2023,0CWFK28207001,CLUTCH ELECTROMAGNETIC MXFN22,1,1, $ 38.98 , $ 38.98 , $ 38.98 ,3119-0,4/18/2023,Parts,#N/A,#N/A,#N/A,,,
5/3/2023,0CWFM1C4260//,ASM RET PADDLE PLT MOT,1,1, $ 60.93 , $ 60.93 , $ 60.93 ,3371-0,5/3/2023,Parts,#N/A,#N/A,#N/A,,,
3/26/2024,0CWFM1C426001,ASM RET PADDLE PLT MOT,1,1, $ 64.88 , $ 64.88 , $ 64.88 ,8384-0,3/26/2024,Parts,#N/A,#N/A,#N/A,,,
3/11/2024,0CWFM1N3740//,ASM ASSIT MXFN27,1,1, $ 107.23 , $ 107.23 , $ 107.23 ,8230-0,3/11/2024,Parts,#N/A,#N/A,#N/A,,,
4/26/2023,0CWFM1N3740//,ASM ASSIT MXFN27,1,1, $ 107.23 , $ 107.23 , $ 107.23 ,2916-0,4/26/2023,Parts,#N/A,#N/A,#N/A,,,
6/2/2023,0CWFM1N3740//,ASM ASSIT MXFN27,1,1, $ 107.23 , $ 107.23 , $ 107.23 ,3688-0,6/2/2023,Parts,#N/A,#N/A,#N/A,,,
3/19/2024,0CWFM1P015020,ASM-ASSIST-CR,1,1, $ 187.98 , $ 187.98 , $ 187.98 ,8319-0,3/19/2024,Parts,#N/A,#N/A,#N/A,,,
4/11/2024,0CWFM1P015020,ASM-ASSIST-CR,1,1, $ 187.98 , $ 187.98 , $ 187.98 ,8792-0,4/11/2024,Parts,#N/A,#N/A,#N/A,,,
11/28/2023,0CWFM1P015020,ASM-ASSIST-CR,2,2, $ 187.98 , $ 375.96 , $ 375.96 ,6479-0,11/28/2023,Parts,#N/A,#N/A,#N/A,,,
1/29/2024,0CWFM1P015020,ASM-ASSIST-CR,1,1, $ 187.98 , $ 187.98 , $ 187.98 ,6977-0,1/29/2024,Parts,#N/A,#N/A,#N/A,,,
1/29/2024,0CWFM1P015020,ASM-ASSIST-CR,1,1, $ 187.98 , $ 187.98 , $ 187.98 ,7106-0,1/29/2024,Parts,#N/A,#N/A,#N/A,,,
4/1/2024,0JEC3A26147//,Sharp Cover Guide After,1,1, $ 28.86 , $ 28.86 , $ 28.86 ,8532-0,4/1/2024,Parts,#N/A,#N/A,#N/A,,,
3/29/2024,0JED6864358//,STD FENCE UPPER MXFN29,1,1, $ 25.59 , $ 25.59 , $ 25.59 ,8418-0,3/29/2024,Parts,#N/A,#N/A,#N/A,,,
8/15/2023,0PPB8303503//,GATHERING ROLLER:SPONGE,2,2, $ 5.45 , $ 10.90 , $ 10.90 ,4777-0,8/15/2023,Parts,#N/A,#N/A,#N/A,,,
8/15/2023,0PPC3193417//,TRAY MXFN25,1,1, $ 60.93 , $ 60.93 , $ 60.93 ,4777-0,8/15/2023,Parts,#N/A,#N/A,#N/A,,,
2/7/2024,101K74590,HDD ASY,1,1, $ 215.00 , $ 215.00 , $ 215.00 ,7606-0,2/7/2024,Parts,#N/A,#N/A,#N/A,,,
4/18/2023,101R00554,Xerox VersaLink B400 B405 Drum Unit,1,1, $ 31.09 , $ 31.09 , $ 31.09 ,3150-0,4/18/2023,Parts,#N/A,#N/A,#N/A,,,
4/18/2023,101R00554,Xerox VersaLink B400 B405 Drum Unit,1,1, $ 31.09 , $ 31.09 , $ 31.09 ,3150-0,4/18/2023,Parts,#N/A,#N/A,#N/A,,,
10/18/2023,101R00554,Xerox VersaLink B400 B405 Drum Unit,2,2, $ 31.09 , $ 62.18 , $ 62.18 ,5836-0,10/18/2023,Parts,#N/A,#N/A,#N/A,,,
1/17/2024,105E15191,24 LVPS,1,1, $ 101.23 , $ 101.23 , $ 101.23 ,7067-0,1/17/2024,Parts,#N/A,#N/A,#N/A,,,
1/22/2024,105E26000,POWER SUPPLY-L,1,1, $ 160.59 , $ 160.59 , $ 160.59 ,7251-0,1/22/2024,Parts,#N/A,#N/A,#N/A,,,
5/10/2023,106R01486,Xerox WC3210 High Yld Black Toner,4,4, $ 17.00 , $ 68.00 , $ 68.00 ,3463-0,5/10/2023,Supplies,#N/A,#N/A,#N/A,,,
12/4/2023,106R03512,Xerox VersaLink C400 C405 High Capacity Black Toner Cartridge 5000 Yield,1,1, $ 42.91 , $ 42.91 , $ 42.91 ,6582-0,12/4/2023,Supplies,#N/A,#N/A,#N/A,,,
12/6/2023,106R03512,Xerox VersaLink C400 C405 High Capacity Black Toner Cartridge 5000 Yield,1,1, $ 45.41 , $ 45.41 , $ 45.41 ,6620-0,12/6/2023,Supplies,#N/A,#N/A,#N/A,,,
1/24/2024,106R03513,Xerox VersaLink C400 C405 High Capacity Yellow Toner Cartridge 4800 Yield,2,2, $ 88.43 , $ 176.86 , $ 176.86 ,7355-0,1/24/2024,Supplies,#N/A,#N/A,#N/A,,,
6/27/2023,106R03582,Xerox VersaLink B400 B405 High Capacity Toner Cartridge 13900 Yield,1,1, $ 92.66 , $ 92.66 , $ 92.66 ,4109-0,6/27/2023,Supplies,#N/A,#N/A,#N/A,,,
10/2/2023,106R03582,Xerox VersaLink B400 B405 High Capacity Toner Cartridge 13900 Yield,1,1, $ 92.66 , $ 92.66 , $ 92.66 ,5600-0,10/2/2023,Supplies,#N/A,#N/A,#N/A,,,
1/23/2024,106R03582,Xerox VersaLink B400 B405 High Capacity Toner Cartridge 13900 Yield,1,1, $ 92.80 , $ 92.80 , $ 92.80 ,7338-0,1/23/2024,Supplies,#N/A,#N/A,#N/A,,,
2/13/2024,106R03582,Xerox VersaLink B400 B405 High Capacity Toner Cartridge 13900 Yield,1,1, $ 92.80 , $ 92.80 , $ 92.80 ,7725-0,2/13/2024,Supplies,#N/A,#N/A,#N/A,,,
4/12/2023,106R03859,Xerox VersaLink C500 C505 Cyan Toner Cartridge 2400 Yield,1,1, $ 62.98 , $ 62.98 , $ 62.98 ,3096-0,4/12/2023,Supplies,#N/A,#N/A,#N/A,,,
4/12/2023,106R03860,Xerox VersaLink C500 C505 Magenta Toner Cartridge 2400 Yield,1,1, $ 62.98 , $ 62.98 , $ 62.98 ,3096-0,4/12/2023,Supplies,#N/A,#N/A,#N/A,,,
4/12/2023,106R03861,Xerox VersaLink C500 C505 Yellow Toner Cartridge 2400 Yield,1,1, $ 62.98 , $ 62.98 , $ 62.98 ,3096-0,4/12/2023,Supplies,#N/A,#N/A,#N/A,,,
4/12/2023,106R03862,Xerox VersaLink C500 C505 Black Toner Cartridge 5000 Yield,1,1, $ 68.19 , $ 68.19 , $ 68.19 ,3096-0,4/12/2023,Supplies,#N/A,#N/A,#N/A,,,
3/8/2024,108R01121,Xerox Phaser 6600 VersaLink C400 C405 WC 6605 MFP Imag Unit Kit Incl 4 Imag Units 1 for Ea Clr - CRU,1,1, $ 104.51 , $ 104.51 , $ 104.51 ,8169-0,3/8/2024,Parts,#N/A,#N/A,#N/A,,,
6/19/2023,108R01121,Xerox Phaser 6600 VersaLink C400 C405 WC 6605 MFP Imag Unit Kit Incl 4 Imag Units 1 for Ea Clr - CRU,1,1, $ 104.51 , $ 104.51 , $ 104.51 ,3978-0,6/19/2023,Parts,#N/A,#N/A,#N/A,,,
9/27/2023,108R01121,Xerox Phaser 6600 VersaLink C400 C405 WC 6605 MFP Imag Unit Kit Incl 4 Imag Units 1 for Ea Clr - CRU,1,1, $ 104.51 , $ 104.51 , $ 104.51 ,5562-0,9/27/2023,Parts,#N/A,#N/A,#N/A,,,
9/28/2023,108R01121,Xerox Phaser 6600 VersaLink C400 C405 WC 6605 MFP Imag Unit Kit Incl 4 Imag Units 1 for Ea Clr - CRU,1,1, $ 104.51 , $ 104.51 , $ 104.51 ,5587-0,9/28/2023,Parts,#N/A,#N/A,#N/A,,,
11/30/2023,108R01121,Xerox Phaser 6600 VersaLink C400 C405 WC 6605 MFP Imag Unit Kit Incl 4 Imag Units 1 for Ea Clr - CRU,1,1, $ 104.51 , $ 104.51 , $ 104.51 ,6514-0,11/30/2023,Parts,#N/A,#N/A,#N/A,,,
5/11/2023,108R01122,Xerox Phaser 6600 VersaLink C400 C405 WorkCentre 6605 Transfer Unit 100000 Yield - CRU,1,1, $ 176.54 , $ 176.54 , $ 176.54 ,3486-0,5/11/2023,Parts,#N/A,#N/A,#N/A,,,
2/29/2024,108R01124,Xerox 108R01124 Waste Toner Container,1,1, $ 14.66 , $ 14.66 , $ 14.66 ,7715-0,2/29/2024,Supplies,#N/A,#N/A,#N/A,,,
5/11/2023,108R01124,Xerox 108R01124 Waste Toner Container,1,1, $ 14.66 , $ 14.66 , $ 14.66 ,3486-0,5/11/2023,Supplies,#N/A,#N/A,#N/A,,,
9/12/2023,108R01124,Xerox 108R01124 Waste Toner Container,1,1, $ 14.66 , $ 14.66 , $ 14.66 ,5252-0,9/12/2023,Supplies,#N/A,#N/A,#N/A,,,
2/8/2024,108R01124,Xerox 108R01124 Waste Toner Container,1,1, $ 14.66 , $ 14.66 , $ 14.66 ,7625-0,2/8/2024,Supplies,#N/A,#N/A,#N/A,,,
6/2/2023,108R01419,Xerox Phaser 6510 WorkCentre 6515 Yellow Drum Cartridge 48000 Yield,1,1, $ 0.01 , $ 0.01 , $ 0.01 ,3676-0,6/2/2023,Parts,#N/A,#N/A,#N/A,,,
6/2/2023,108R01420,Xerox Phaser 6510 WorkCentre 6515 Black Drum Cartridge 48000 Yield,1,1, $ 50.00 , $ 50.00 , $ 50.00 ,3676-0,6/2/2023,Parts,#N/A,#N/A,#N/A,,,
8/18/2023,108R01490,Xerox VersaLink B605 B615 C505 C605 Scanner Maintenance Kit 200000 Yield,1,1, $ 23.10 , $ 23.10 , $ 23.10 ,4177-0,8/18/2023,Parts,#N/A,#N/A,#N/A,,,
5/9/2023,113R00780,Xerox C7020 C7025 C7030 Black Drum Unit 87000 Yield,3,3, $ 125.22 , $ 375.66 , $ 375.66 ,3412-0,5/9/2023,Parts,#N/A,#N/A,#N/A,,,
6/2/2023,113R00780,Xerox C7020 C7025 C7030 Black Drum Unit 87000 Yield,1,1, $ 150.00 , $ 150.00 , $ 150.00 ,3676-0,6/2/2023,Parts,#N/A,#N/A,#N/A,,,
6/2/2023,115R00088,Xerox VersaLink C400 C405 WorkCentre 6655 Fuser 110V 100000 Yield,1,1, $ 76.69 , $ 76.69 , $ 76.69 ,3676-0,6/2/2023,Parts,#N/A,#N/A,#N/A,,,
10/17/2023,115R00088,Xerox VersaLink C400 C405 WorkCentre 6655 Fuser 110V 100000 Yield,1,1, $ 167.55 , $ 167.55 , $ 167.55 ,5823-0,10/17/2023,Parts,#N/A,#N/A,#N/A,,,
9/11/2023,115R00119,Xerox VersaLink B400 B405 Fuser Maintenance Kit 110V Includes Fuser Bias Transfer Roller,1,1, $ 265.90 , $ 265.90 , $ 265.90 ,5156-0,9/11/2023,Parts,#N/A,#N/A,#N/A,,,
10/18/2023,115R00119,Xerox VersaLink B400 B405 Fuser Maintenance Kit 110V Includes Fuser Bias Transfer Roller,1,1, $ 265.90 , $ 265.90 , $ 265.90 ,5823-0,10/18/2023,Parts,#N/A,#N/A,#N/A,,,
12/26/2023,115R00119,Xerox VersaLink B400 B405 Fuser Maintenance Kit 110V Includes Fuser Bias Transfer Roller,1,1, $ 265.90 , $ 265.90 , $ 265.90 ,6380-0,12/26/2023,Parts,#N/A,#N/A,#N/A,,,
10/5/2023,115R00128,Xerox C7020 C7025 C7030 Waste Toner Bottle 30000 Yield,1,1, $ 29.03 , $ 29.03 , $ 29.03 ,5669-0,10/5/2023,Supplies,#N/A,#N/A,#N/A,,,
2/22/2024,115R00128,Xerox C7020 C7025 C7030 Waste Toner Bottle 30000 Yield,1,1, $ 29.03 , $ 29.03 , $ 29.03 ,7881-0,2/22/2024,Supplies,#N/A,#N/A,#N/A,,,
6/2/2023,116R00003,Xerox Tray Roller Kit B405/WC3615,3,3, $ 5.00 , $ 15.00 , $ 15.00 ,3676-0,6/2/2023,Parts,#N/A,#N/A,#N/A,,,
6/2/2023,116R00010,Xerox VersaLink B600 B605 B610 B615 C500 C505 C600 C605 Paper Tray Feed Roller Kit 100000 Yield,2,2, $ 7.00 , $ 14.00 , $ 14.00 ,3676-0,6/2/2023,Parts,#N/A,#N/A,#N/A,,,
5/3/2023,116R00018,Xerox VersaLink C405Z Cyan Toner Cartridge 12900 Yield,1,1, $ 130.26 , $ 130.26 , $ 130.26 ,3354-0,5/3/2023,Supplies,#N/A,#N/A,#N/A,,,
5/30/2023,116R00018,Xerox VersaLink C405Z Cyan Toner Cartridge 12900 Yield,1,1, $ 145.00 , $ 145.00 , $ 145.00 ,3642-0,5/30/2023,Supplies,#N/A,#N/A,#N/A,,,
5/31/2023,116R00018,Xerox VersaLink C405Z Cyan Toner Cartridge 12900 Yield,1,1, $ 116.09 , $ 116.09 , $ 116.09 ,3510-0,5/31/2023,Supplies,#N/A,#N/A,#N/A,,,
6/26/2023,116R00018,Xerox VersaLink C405Z Cyan Toner Cartridge 12900 Yield,1,1, $ 116.09 , $ 116.09 , $ 116.09 ,3289-1-0,6/26/2023,Supplies,#N/A,#N/A,#N/A,,,
9/5/2023,116R00018,Xerox VersaLink C405Z Cyan Toner Cartridge 12900 Yield,1,1, $ 116.09 , $ 116.09 , $ 116.09 ,5103-0,9/5/2023,Supplies,#N/A,#N/A,#N/A,,,
11/2/2023,116R00018,Xerox VersaLink C405Z Cyan Toner Cartridge 12900 Yield,1,1, $ 116.09 , $ 116.09 , $ 116.09 ,6084-0,11/2/2023,Supplies,#N/A,#N/A,#N/A,,,
5/3/2023,116R00019,Xerox VersaLink C405Z Magenta Toner Cartridge 12900 Yield,1,1, $ 130.30 , $ 130.30 , $ 130.30 ,3354-0,5/3/2023,Supplies,#N/A,#N/A,#N/A,,,
6/23/2023,116R00019,Xerox VersaLink C405Z Magenta Toner Cartridge 12900 Yield,1,1, $ 149.00 , $ 149.00 , $ 149.00 ,4004-1-0,6/23/2023,Supplies,#N/A,#N/A,#N/A,,,
6/26/2023,116R00019,Xerox VersaLink C405Z Magenta Toner Cartridge 12900 Yield,1,1, $ 116.09 , $ 116.09 , $ 116.09 ,3289-1-0,6/26/2023,Supplies,#N/A,#N/A,#N/A,,,
9/26/2023,116R00019,Xerox VersaLink C405Z Magenta Toner Cartridge 12900 Yield,1,1, $ 116.09 , $ 116.09 , $ 116.09 ,5103-0,9/26/2023,Supplies,#N/A,#N/A,#N/A,,,
10/6/2023,116R00019,Xerox VersaLink C405Z Magenta Toner Cartridge 12900 Yield,1,1, $ 116.09 , $ 116.09 , $ 116.09 ,5709-0,10/6/2023,Supplies,#N/A,#N/A,#N/A,,,
12/1/2023,116R00019,Xerox VersaLink C405Z Magenta Toner Cartridge 12900 Yield,1,1, $ 116.09 , $ 116.09 , $ 116.09 ,6084-0,12/1/2023,Supplies,#N/A,#N/A,#N/A,,,
6/23/2023,116R00020,Xerox VersaLink C405Z Yellow Toner Cartridge 12900 Yield,1,1, $ 149.00 , $ 149.00 , $ 149.00 ,4004-1-0,6/23/2023,Supplies,#N/A,#N/A,#N/A,,,
9/5/2023,116R00020,Xerox VersaLink C405Z Yellow Toner Cartridge 12900 Yield,1,1, $ 116.09 , $ 116.09 , $ 116.09 ,5103-0,9/5/2023,Supplies,#N/A,#N/A,#N/A,,,
11/15/2023,116R00020,Xerox VersaLink C405Z Yellow Toner Cartridge 12900 Yield,1,1, $ 116.09 , $ 116.09 , $ 116.09 ,6084-0,11/15/2023,Supplies,#N/A,#N/A,#N/A,,,
1/17/2024,116R00020,Xerox VersaLink C405Z Yellow Toner Cartridge 12900 Yield,1,1, $ 116.32 , $ 116.32 , $ 116.32 ,7165-0,1/17/2024,Supplies,#N/A,#N/A,#N/A,,,
3/22/2024,116R00021,Xerox VersaLink C405Z Black Toner Cartridge 11800 Yield,1,1, $ 40.43 , $ 40.43 , $ 40.43 ,8433-0,3/22/2024,Supplies,#N/A,#N/A,#N/A,,,
4/25/2023,116R00021,Xerox VersaLink C405Z Black Toner Cartridge 11800 Yield,1,1, $ 35.42 , $ 35.42 , $ 35.42 ,3289-0,4/25/2023,Supplies,#N/A,#N/A,#N/A,,,
6/8/2023,116R00021,Xerox VersaLink C405Z Black Toner Cartridge 11800 Yield,1,1, $ 35.42 , $ 35.42 , $ 35.42 ,3855-0,6/8/2023,Supplies,#N/A,#N/A,#N/A,,,
7/21/2023,116R00021,Xerox VersaLink C405Z Black Toner Cartridge 11800 Yield,1,1, $ 40.43 , $ 40.43 , $ 40.43 ,4435-0,7/21/2023,Supplies,#N/A,#N/A,#N/A,,,
8/25/2023,116R00021,Xerox VersaLink C405Z Black Toner Cartridge 11800 Yield,2,2, $ 40.43 , $ 80.86 , $ 80.86 ,5009-0,8/25/2023,Supplies,#N/A,#N/A,#N/A,,,
9/5/2023,116R00021,Xerox VersaLink C405Z Black Toner Cartridge 11800 Yield,1,1, $ 40.43 , $ 40.43 , $ 40.43 ,5103-0,9/5/2023,Supplies,#N/A,#N/A,#N/A,,,
10/6/2023,116R00021,Xerox VersaLink C405Z Black Toner Cartridge 11800 Yield,1,1, $ 40.43 , $ 40.43 , $ 40.43 ,5709-0,10/6/2023,Supplies,#N/A,#N/A,#N/A,,,
11/2/2023,116R00021,Xerox VersaLink C405Z Black Toner Cartridge 11800 Yield,1,1, $ 40.43 , $ 40.43 , $ 40.43 ,6084-0,11/2/2023,Supplies,#N/A,#N/A,#N/A,,,
1/31/2024,116R00021,Xerox VersaLink C405Z Black Toner Cartridge 11800 Yield,1,1, $ 40.43 , $ 40.43 , $ 40.43 ,7441-0,1/31/2024,Supplies,#N/A,#N/A,#N/A,,,
1/29/2024,1232393,Printhead Cartridge (M1PH),1,1, $ 596.00 , $ 596.00 , $ 596.00 ,7390-0,1/29/2024,Parts,#N/A,#N/A,#N/A,,,
4/11/2023,1232483,Service Station,1,1," $ 1,121.40 "," $ 1,121.40 "," $ 1,121.40 ",2974-0,4/11/2023,Parts,#N/A,#N/A,#N/A,,,
4/11/2023,1232636 ,Service Station Tray And Wick,1,1, $ 47.60 , $ 47.60 , $ 47.60 ,2974-0,4/11/2023,Parts,#N/A,#N/A,#N/A,,,
11/20/2023,126K36432,FUSING UNIT110,1,1, $ 308.00 , $ 308.00 , $ 308.00 ,6397-0,11/20/2023,Parts,#N/A,#N/A,#N/A,,,
4/14/2023,126K36842,FUSING UNIT110,1,1, $ 178.61 , $ 178.61 , $ 178.61 ,3151-0,4/14/2023,Parts,#N/A,#N/A,#N/A,,,
4/20/2023,126K36950,FUSINGUNIT,1,1, $ 689.53 , $ 689.53 , $ 689.53 ,3224-0,4/20/2023,Parts,#N/A,#N/A,#N/A,,,
5/24/2023,126K36950,FUSINGUNIT,1,1, $ 689.53 , $ 689.53 , $ 689.53 ,3611-0,5/24/2023,Parts,#N/A,#N/A,#N/A,,,
11/9/2023,126K36950,FUSINGUNIT,1,1," $ 1,091.00 "," $ 1,091.00 "," $ 1,091.00 ",6206-0,11/9/2023,Parts,#N/A,#N/A,#N/A,,,
9/1/2023,126K39440,Fuser Belt Mod,1,1, $ 740.94 , $ 740.94 , $ 740.94 ,5089-0,9/1/2023,Parts,#N/A,#N/A,#N/A,,,
2/12/2024,126K39440,Fuser Belt Mod,1,1, $ 551.73 , $ 551.73 , $ 551.73 ,7662-0,2/12/2024,Parts,#N/A,#N/A,#N/A,,,
3/14/2024,130K78020,SEN ASY ENVI,2,2, $ 6.78 , $ 13.56 , $ 13.56 ,8315-0,3/14/2024,Parts,#N/A,#N/A,#N/A,,,